sentence,label
I have a very strong chest pain that has not gone away for more than twenty minutes,high risk
I feel a tightness in my chest that goes to my left arm and I am in a cold sweat,high risk
I passed out a little while ago and I still feel confused and weak,high risk
my heart is racing and I cannot breathe properly,high risk
I have intense shortness of breath even while sitting still in the chair,high risk
the chest pain started suddenly and spreads to my jaw,high risk
my mouth went crooked and I cannot move my right arm,high risk
I am having trouble speaking and one side of my face went numb,high risk
I felt a crushing pressure in my chest while walking up the hill,high risk
my lips are purple and my breathing is very short,high risk
my blood pressure read 180 over 120 and I have a terrible headache,high risk
I lost consciousness at work and hit my head when I fell,high risk
I am coughing up pink foam and I cannot lie down because I run out of breath,high risk
my heart is beating very fast and irregular and I am about to faint,high risk
I had a tearing pain in my chest that goes all the way to my back,high risk
suddenly I ran out of air and it hurts to breathe after a long trip,high risk
my chest feels tight with nausea and vomiting since early morning,high risk
my vision went blurry and my blood pressure is extremely high,high risk
I have chest pain and a cold sweat and my skin turned pale,high risk
the shortness of breath got much worse and now I cannot finish a sentence,high risk
I have heart disease and the chest pain came back stronger than ever,high risk
I took the pill under my tongue and the chest pain did not improve,high risk
I feel a huge weight on my chest and a feeling of impending doom,high risk
my pacemaker does not seem to be working and I am very dizzy,high risk
I woke up breathless in the middle of the night and had to sit up to breathe,high risk
my leg is very swollen and red and now I am short of breath,high risk
I have strong chest pain with a high fever and a racing heart,high risk
my implanted defibrillator fired twice today,high risk
I am having strong palpitations and my vision went completely dark,high risk
my father has chest pain and is gasping for air and not responding well,high risk
the chest pain gets worse every minute and I am very scared,high risk
I am out of breath and my chest has been burning since I woke up,high risk
I feel intense pain in my left arm and neck together with shortness of breath,high risk
I had a seizure followed by fainting a few minutes ago,high risk
the heart rate on my watch went above 180 while resting,high risk
my heartbeat is very slow and I almost fainted twice,high risk
I feel a sharp stab in my chest and air does not get into my lungs,high risk
after the surgery I started to feel chest pain and sudden shortness of breath,high risk
my legs and belly swelled a lot and I am out of breath,high risk
the chest pain woke me up and does not go away in any position,high risk
I am in a cold sweat with severe dizziness and my heart is out of rhythm,high risk
I have diabetes and I feel a strange malaise with tightness in my chest,high risk
my breathing is wheezing and I am turning blue,high risk
I felt the left side of my body weak and my speech is slurred,high risk
my blood pressure dropped a lot and I am cold and confused,high risk
I get chest pain with the slightest effort and now even at rest,high risk
I vomited and I have strong pain in my upper belly and in my chest,high risk
my heart feels like it is going to jump out of my mouth and I am very dizzy,high risk
I have severe shortness of breath and the oximeter showed 85,high risk
the chest pain is constant and very intense for an hour,high risk
I fainted during exercise and felt my heart stop for a moment before,high risk
my skin is cold and clammy and I have a suffocating chest pain,high risk
I feel a strong chest pain that radiates to my back and stomach,high risk
my elderly mother is very confused with shortness of breath and bluish lips,high risk
I feel a strong squeeze in my heart and I cannot stand up,high risk
an explosive headache came out of nowhere and my blood pressure is very high,high risk
I had a heart attack before and I am feeling the same chest pain again,high risk
my heart has been racing for hours and I feel I am going to faint,high risk
my shortness of breath is getting worse quickly and I am coughing up blood,high risk
I felt a crushing chest pain during the argument and I am sweating a lot,high risk
I feel a mild back pain after spending the day sitting at the office,low risk
I am a bit tired after a week of hard work,low risk
I have some muscle pain in my legs after yesterday's workout,low risk
my nose is stuffy and I have been sneezing a lot in the morning,low risk
I feel a quick twinge in my chest when I stretch but it goes away soon,low risk
I have had a mild sore throat since yesterday,low risk
I want to schedule my annual check up with the cardiologist,low risk
my blood pressure measured at the pharmacy was normal and I feel fine,low risk
I have had a little heartburn after lunch,low risk
my heart sped up when I drank too much coffee but it soon went back to normal,low risk
my body is sore after carrying boxes during the move,low risk
I felt slightly dizzy when I stood up fast but it passed in seconds,low risk
I am sleeping little and wake up a bit tired,low risk
I would like to renew the prescription for my blood pressure medicine which is under control,low risk
I took a long walk and my feet are sore,low risk
I have a mild headache at the end of the workday,low risk
I had a cramp in my calf during the night that already passed,low risk
I am a bit anxious before the exam and my heart beat faster,low risk
I have a mild dry cough because of the dry weather,low risk
my routine tests came back normal and I want to show them to the doctor,low risk
I feel a slight discomfort in my shoulder after sleeping in a bad position,low risk
my ribs hurt after coughing a lot with a cold,low risk
I want advice on a diet to lower my cholesterol,low risk
I was a little out of breath after running up four flights of stairs,low risk
my blood pressure is controlled with medication and I have no symptoms,low risk
my legs feel a little tired after standing for a long time,low risk
I have an allergy that makes my eyes itchy,low risk
I have a mild pain in my wrist from typing so much,low risk
my sleep has improved and I am feeling more energetic,low risk
I would like to know if I can go back to weight training,low risk
my stomach is a little upset after eating fried food,low risk
I felt a twinge in my chest after a sudden movement and it soon got better,low risk
I have had a toothache since last night,low risk
I want to ask about the result of my normal electrocardiogram,low risk
I have mild swelling in my ankles after a very hot day,low risk
I have had mild back pain when I wake up,low risk
I felt a little dizzy after going a long time without eating and got better after a snack,low risk
my heart raced with the scare but went back to normal right after,low risk
I have a cold with a runny nose and feel a bit unwell,low risk
I feel a mild tiredness that gets better after a good night of sleep,low risk
I want to book a follow up appointment,low risk
my knee hurts when I run for a long time,low risk
I feel a mild muscle pain in my chest after bench press training,low risk
my resting heart rate is seventy and I feel good,low risk
I had a mild headache that went away with a painkiller,low risk
my skin is dry because of the cold weather,low risk
I have been feeling a bit stressed at work,low risk
I need a medical certificate for the gym,low risk
I felt a slight tingling in my hand after sleeping on my arm,low risk
I am a bit dehydrated after a day at the beach,low risk
I want to know which tests I should take at the preventive appointment,low risk
I have small occasional palpitations when I am anxious and they pass quickly,low risk
my neck is sore after a bad night of sleep,low risk
I feel slightly short of breath when I have a cold and a stuffy nose,low risk
I would like help to quit smoking,low risk
I have a mild lower back pain after gardening,low risk
I had a little indigestion after dinner,low risk
my blood pressure went up a bit at the doctor's office but it is normal at home,low risk
I feel a little tired on very hot days,low risk
I feel a slight discomfort in my chest when I get nervous that improves when I breathe deeply,low risk
I want to change the time I take my cholesterol medicine,low risk
