variant,canonical_symptom
thoracic pain,chest pain
pain in my chest,chest pain
tightness in my chest,chest tightness
pressure in my chest,chest tightness
spreads to my left arm,pain radiating to the arm
radiates to my arm,pain radiating to the arm
pain in my left arm,pain radiating to the arm
sweating cold,cold sweat
sweating a lot,cold sweat
feeling sick,nausea
nauseous,nausea
breathless,shortness of breath
short of breath,shortness of breath
difficulty breathing,shortness of breath
fatigue,constant tiredness
tiredness,constant tiredness
exhaustion,constant tiredness
legs are swollen,swollen legs
leg is swollen,swollen legs
swelling in my legs,swollen legs
swollen ankles,swollen legs
sleep on several pillows,shortness of breath when lying down
lying flat leaves me breathless,shortness of breath when lying down
shortness of breath when climbing stairs,shortness of breath on exertion
breathless when walking,shortness of breath on exertion
during my run,pain on exertion
when I exercise,pain on exertion
gets worse with exertion,pain on exertion
minutes of rest,relief with rest
improves with rest,relief with rest
goes away with rest,relief with rest
palpitation,palpitations
heart feels racing,racing heart
heart is racing,racing heart
pounding heart,racing heart
heart is skipping beats,irregular heartbeat
irregular heartbeats,irregular heartbeat
dizzy when getting out of bed,dizziness when standing up
felt dizzy,dizziness
dizzy,dizziness
lightheaded,dizziness
fainted,fainting
passed out,fainting
lost consciousness,fainting
blood pressure has been running high,high blood pressure
blood pressure is high,high blood pressure
hypertension,high blood pressure
migraine,headache
vision gets blurry,blurred vision
blurry vision,blurred vision
worse when I breathe deeply,pain that worsens when breathing
hurts to breathe,pain that worsens when breathing
improves when I lean forward,relief when leaning forward
suddenly I started to feel short of breath,sudden shortness of breath
sudden breathlessness,sudden shortness of breath
pain in my calf,calf pain
red leg,redness in the leg
