patient,report,identified_symptoms,condition_1,condition_2,condition_3
1,"Since last night I have felt a tightness in my chest that spreads to my left arm, I am in a cold sweat and could not go to work today.",chest tightness; cold sweat; pain radiating to the arm,Acute Myocardial Infarction (3),Angina (1),
2,"For about three weeks I have noticed constant tiredness and my legs are swollen at the end of the day, so I stopped taking my walks.",constant tiredness; swollen legs,Heart Failure (2),Myocarditis (1),Deep Vein Thrombosis (1)
3,"For the past fifteen days I have had palpitations and my heart feels racing even at rest, which has been ruining my sleep.",palpitations; racing heart,Tachycardia (2),Cardiac Syncope (1),Myocarditis (1)
4,"Last week I felt dizzy when getting out of bed and I even fainted once in the bathroom, so now I am afraid of being home alone.",dizziness; dizziness when standing up; fainting,Orthostatic Hypotension (3),Cardiac Syncope (2),Cardiac Arrhythmia (2)
5,For two months I have had shortness of breath when climbing stairs and I need to sleep on several pillows because lying flat leaves me breathless.,shortness of breath; shortness of breath on exertion; shortness of breath when lying down,Heart Failure (3),Aortic Stenosis (1),Atrial Fibrillation (1)
6,"Yesterday, during my run, I felt chest pain that went away after a few minutes of rest, and since then I avoid any kind of exertion.",chest pain; pain on exertion; relief with rest,Angina (3),Aortic Stenosis (1),Hypertensive Crisis (1)
7,"For four days I have had a fever and chest pain that gets worse when I breathe deeply and improves when I lean forward, so I missed my classes.",chest pain; fever; pain that worsens when breathing; relief when leaning forward,Pericarditis (4),Endocarditis (1),Myocarditis (1)
8,"Over the last few weeks my blood pressure has been running high, I have a headache at the back of my neck and my vision gets blurry, which keeps me from driving.",blurred vision; headache; high blood pressure,Hypertensive Crisis (3),Arterial Hypertension (2),
9,"Since last week I have had irregular heartbeats, a feeling that my heart is skipping beats and fatigue, and I cannot finish my workday.",constant tiredness; irregular heartbeat,Atrial Fibrillation (2),Myocarditis (1),Cardiac Arrhythmia (1)
10,"This morning I woke up with calf pain, my right leg is swollen and suddenly I started to feel short of breath, so I canceled all my appointments.",calf pain; shortness of breath; sudden shortness of breath; swollen legs,Pulmonary Embolism (2),Deep Vein Thrombosis (2),Heart Failure (2)
